<?xml version="1.0" encoding="UTF-8"?>
<entity-mappings xmlns="https://jakarta.ee/xml/ns/persistence/orm"
                 version="3.0">

    <entity class="com.example.sklep2xd.Models.KategoriaEntity">
        <table name="kategoria" schema="public" catalog="Sklep"/>
        <attributes>
            <id name="idKategorii">
                <column name="id_kategorii" precision="-1"/>
            </id>
            <basic name="nazwaKategorii">
                <column name="nazwa_kategorii" nullable="false" length="100"/>
            </basic>
        </attributes>
    </entity>
</entity-mappings>
