<?xml version="1.0" encoding="UTF-8"?>
<entity-mappings xmlns="https://jakarta.ee/xml/ns/persistence/orm"
                 version="3.0">

    <entity class="com.example.sklep2xd.Models.KlientEntity">
        <table name="klient" schema="public" catalog="Sklep"/>
        <attributes>
            <id name="idKlienta">
                <column name="id_klienta" precision="-1"/>
            </id>
            <basic name="login">
                <column name="login" nullable="false" length="30"/>
            </basic>
            <basic name="email">
                <column name="email" length="100"/>
            </basic>
            <basic name="haslo">
                <column name="haslo" length="100"/>
            </basic>
            <basic name="telefon">
                <column name="telefon" nullable="false" length="13"/>
            </basic>
<!--            <basic name="adresId">-->
<!--                <column name="adres_id" nullable="false" precision="-1"/>-->
<!--            </basic>-->
            <basic name="imie">
                <column name="imie" nullable="false" length="50"/>
            </basic>
            <basic name="nazwisko">
                <column name="nazwisko" nullable="false" length="50"/>
            </basic>
            <many-to-one name="adresByAdresId" optional="true" target-entity="com.example.sklep2xd.Models.AdresEntity">
                <join-column name="adres_id" nullable="false" referenced-column-name="id_adresu"/>
            </many-to-one>
        </attributes>
    </entity>
</entity-mappings>
