<?xml version="1.0" encoding="UTF-8"?>
<entity-mappings xmlns="https://jakarta.ee/xml/ns/persistence/orm"
                 version="3.0">

    <entity class="com.example.sklep2xd.Models.ProduktZamowienieEntity">
        <table name="produkt_zamowienie" schema="public" catalog="Sklep"/>
        <attributes>
<!--            <basic name="zamowienieId">-->
<!--                <column name="zamowienie_id" nullable="false" precision="-1"/>-->
<!--            </basic>-->
<!--            <basic name="produktId">-->
<!--                <column name="produkt_id" nullable="false" precision="-1"/>-->
<!--            </basic>-->
            <basic name="ilosc">
                <column name="ilosc" nullable="false" precision="-1"/>
            </basic>
            <many-to-one name="zamowienieByZamowienieId" optional="true"
                         target-entity="com.example.sklep2xd.Models.ZamowienieEntity">
                <join-column name="zamowienie_id" nullable="false" referenced-column-name="id_zamowienia"/>
            </many-to-one>
            <many-to-one name="produktByProduktId" optional="true"
                         target-entity="com.example.sklep2xd.Models.ProduktEntity">
                <join-column name="produkt_id" nullable="false" referenced-column-name="id_produktu"/>
            </many-to-one>
        </attributes>
    </entity>
</entity-mappings>
